{
  "results": {
    "jaqket_v2-0.1-0.3": {
      "exact_match": 38.83161512027491,
      "f1": 43.653527171568406
    },
    "xlsum_ja-1.0-0.3": {
      "rouge2": 9.32010216666052
    },
    "mgsm-1.0-0.3": {
      "acc": 0.056,
      "acc_stderr": 0.014570697336899597
    },
    "xwinograd_ja": {
      "acc": 0.6465067778936392,
      "acc_stderr": 0.015445228301221376
    }
  },
  "versions": {
    "jaqket_v2-0.1-0.3": 0.1,
    "xlsum_ja-1.0-0.3": 1.0,
    "xwinograd_ja": 1.0,
    "mgsm-1.0-0.3": 1.0
  },
  "config": {
    "model": "hf-causal-experimental",
    "model_args": "pretrained=meta-llama/Llama-2-7b-hf,use_accelerate=True",
    "num_fewshot": [
      1,
      1,
      0,
      5
    ],
    "batch_size": 2,
    "device": "cuda",
    "no_cache": false,
    "limit": null,
    "bootstrap_iters": 100000,
    "description_dict": {}
  }
}